,path,category,label
0,data\0\60Hz\images\lateral\IR20211104_2440.png,S0,0
1,data\0\60Hz\images\lateral\IR20211104_2441.png,S0,0
2,data\0\60Hz\images\lateral\IR20211104_2442.png,S0,0
3,data\0\60Hz\images\lateral\IR20211104_2443.png,S0,0
4,data\0\60Hz\images\lateral\IR20211104_2444.png,S0,0
5,data\0\60Hz\images\lateral\IR20211104_2445.png,S0,0
6,data\0\60Hz\images\lateral\IR20211104_2446.png,S0,0
7,data\0\60Hz\images\lateral\IR20211104_2447.png,S0,0
8,data\0\60Hz\images\lateral\IR20211104_2448.png,S0,0
9,data\0\60Hz\images\lateral\IR20211104_2449.png,S0,0
10,data\0\60Hz\images\lateral\IR20211104_2450.png,S0,0
11,data\0\60Hz\images\lateral\IR20211104_2451.png,S0,0
12,data\0\60Hz\images\lateral\IR20211104_2452.png,S0,0
13,data\0\60Hz\images\lateral\IR20211104_2453.png,S0,0
14,data\0\60Hz\images\lateral\IR20211104_2454.png,S0,0
15,data\0\60Hz\images\lateral\IR20211104_2455.png,S0,0
16,data\0\60Hz\images\lateral\IR20211104_2456.png,S0,0
17,data\0\60Hz\images\lateral\IR20211104_2457.png,S0,0
18,data\0\60Hz\images\lateral\IR20211104_2458.png,S0,0
19,data\0\60Hz\images\lateral\IR20211104_2459.png,S0,0
20,data\0\60Hz\images\lateral\IR20211104_2460.png,S0,0
21,data\0\60Hz\images\lateral\IR20211104_2461.png,S0,0
22,data\0\60Hz\images\lateral\IR20211104_2462.png,S0,0
23,data\0\60Hz\images\lateral\IR20211104_2463.png,S0,0
24,data\0\60Hz\images\lateral\IR20211104_2464.png,S0,0
25,data\0\60Hz\images\lateral\IR20211104_2465.png,S0,0
26,data\0\60Hz\images\lateral\IR20211104_2466.png,S0,0
27,data\0\60Hz\images\lateral\IR20211104_2467.png,S0,0
28,data\0\60Hz\images\lateral\IR20211104_2468.png,S0,0
29,data\0\60Hz\images\lateral\IR20211104_2469.png,S0,0
30,data\0\60Hz\images\lateral\IR20211104_2470.png,S0,0
31,data\0\60Hz\images\lateral\IR20211104_2471.png,S0,0
32,data\0\60Hz\images\lateral\IR20211104_2472.png,S0,0
33,data\0\60Hz\images\lateral\IR20211104_2473.png,S0,0
34,data\0\60Hz\images\lateral\IR20211104_2474.png,S0,0
35,data\0\60Hz\images\lateral\IR20211104_2475.png,S0,0
36,data\0\60Hz\images\lateral\IR20211104_2476.png,S0,0
37,data\0\60Hz\images\lateral\IR20211104_2477.png,S0,0
38,data\0\60Hz\images\lateral\IR20211104_2478.png,S0,0
39,data\0\60Hz\images\lateral\IR20211104_2479.png,S0,0
40,data\0\60Hz\images\lateral\IR20211104_2480.png,S0,0
41,data\0\60Hz\images\lateral\IR20211104_2481.png,S0,0
42,data\0\60Hz\images\lateral\IR20211104_2482.png,S0,0
43,data\0\60Hz\images\lateral\IR20211104_2483.png,S0,0
44,data\0\60Hz\images\lateral\IR20211104_2484.png,S0,0
45,data\0\60Hz\images\lateral\IR20211104_2485.png,S0,0
46,data\0\60Hz\images\lateral\IR20211104_2486.png,S0,0
47,data\0\60Hz\images\lateral\IR20211104_2487.png,S0,0
48,data\0\60Hz\images\lateral\IR20211104_2488.png,S0,0
49,data\0\60Hz\images\lateral\IR20211104_2489.png,S0,0
50,data\0\60Hz\images\lateral\IR20211104_2490.png,S0,0
51,data\0\60Hz\images\lateral\IR20211104_2491.png,S0,0
52,data\0\60Hz\images\lateral\IR20211104_2492.png,S0,0
53,data\0\60Hz\images\lateral\IR20211104_2493.png,S0,0
54,data\0\60Hz\images\lateral\IR20211104_2494.png,S0,0
55,data\0\60Hz\images\lateral\IR20211104_2495.png,S0,0
56,data\0\60Hz\images\lateral\IR20211104_2496.png,S0,0
57,data\0\60Hz\images\lateral\IR20211104_2497.png,S0,0
58,data\0\60Hz\images\lateral\IR20211104_2498.png,S0,0
59,data\0\60Hz\images\lateral\IR20211104_2499.png,S0,0
60,data\0\60Hz\images\lateral\IR20211104_2500.png,S0,0
61,data\0\60Hz\images\lateral\IR20211104_2501.png,S0,0
62,data\0\60Hz\images\lateral\IR20211104_2502.png,S0,0
63,data\0\60Hz\images\lateral\IR20211104_2503.png,S0,0
64,data\0\60Hz\images\lateral\IR20211104_2504.png,S0,0
65,data\0\60Hz\images\lateral\IR20211104_2505.png,S0,0
66,data\0\60Hz\images\lateral\IR20211104_2506.png,S0,0
67,data\0\60Hz\images\lateral\IR20211104_2507.png,S0,0
68,data\0\60Hz\images\lateral\IR20211104_2508.png,S0,0
69,data\0\60Hz\images\lateral\IR20211104_2509.png,S0,0
70,data\0\60Hz\images\lateral\IR20211104_2510.png,S0,0
71,data\0\60Hz\images\lateral\IR20211104_2511.png,S0,0
72,data\0\60Hz\images\lateral\IR20211104_2512.png,S0,0
73,data\0\60Hz\images\lateral\IR20211104_2513.png,S0,0
74,data\0\60Hz\images\lateral\IR20211104_2514.png,S0,0
75,data\0\60Hz\images\lateral\IR20211104_2515.png,S0,0
76,data\0\60Hz\images\lateral\IR20211104_2516.png,S0,0
77,data\0\60Hz\images\lateral\IR20211104_2517.png,S0,0
78,data\0\60Hz\images\lateral\IR20211104_2518.png,S0,0
79,data\0\60Hz\images\lateral\IR20211104_2519.png,S0,0
80,data\0\60Hz\images\lateral\IR20211104_2520.png,S0,0
81,data\0\60Hz\images\lateral\IR20211104_2521.png,S0,0
82,data\0\60Hz\images\lateral\IR20211104_2522.png,S0,0
83,data\0\60Hz\images\lateral\IR20211104_2523.png,S0,0
84,data\0\60Hz\images\lateral\IR20211104_2524.png,S0,0
85,data\0\60Hz\images\lateral\IR20211104_2525.png,S0,0
86,data\0\60Hz\images\lateral\IR20211104_2526.png,S0,0
87,data\0\60Hz\images\lateral\IR20211104_2527.png,S0,0
88,data\0\60Hz\images\lateral\IR20211104_2528.png,S0,0
89,data\0\60Hz\images\lateral\IR20211104_2529.png,S0,0
90,data\0\60Hz\images\lateral\IR20211104_2530.png,S0,0
91,data\0\60Hz\images\lateral\IR20211104_2531.png,S0,0
92,data\0\60Hz\images\lateral\IR20211104_2532.png,S0,0
93,data\0\60Hz\images\lateral\IR20211104_2533.png,S0,0
94,data\0\60Hz\images\lateral\IR20211104_2534.png,S0,0
95,data\0\60Hz\images\lateral\IR20211104_2535.png,S0,0
96,data\0\60Hz\images\lateral\IR20211104_2536.png,S0,0
97,data\0\60Hz\images\lateral\IR20211104_2537.png,S0,0
98,data\0\60Hz\images\lateral\IR20211104_2538.png,S0,0
99,data\0\60Hz\images\lateral\IR20211104_2539.png,S0,0
100,data\0\60Hz\images\lateral\IR20211104_2540.png,S0,0
101,data\0\60Hz\images\lateral\IR20211104_2541.png,S0,0
102,data\0\60Hz\images\lateral\IR20211104_2542.png,S0,0
103,data\0\60Hz\images\lateral\IR20211104_2543.png,S0,0
104,data\0\60Hz\images\lateral\IR20211104_2544.png,S0,0
105,data\0\60Hz\images\lateral\IR20211104_2545.png,S0,0
106,data\0\60Hz\images\lateral\IR20211104_2546.png,S0,0
107,data\0\60Hz\images\lateral\IR20211104_2547.png,S0,0
108,data\0\60Hz\images\lateral\IR20211104_2548.png,S0,0
109,data\0\60Hz\images\lateral\IR20211104_2549.png,S0,0
110,data\0\60Hz\images\lateral\IR20211104_2550.png,S0,0
111,data\0\60Hz\images\lateral\IR20211104_2551.png,S0,0
112,data\0\60Hz\images\lateral\IR20211104_2552.png,S0,0
113,data\0\60Hz\images\lateral\IR20211104_2553.png,S0,0
114,data\0\60Hz\images\lateral\IR20211104_2554.png,S0,0
115,data\0\60Hz\images\lateral\IR20211104_2555.png,S0,0
116,data\0\60Hz\images\lateral\IR20211104_2556.png,S0,0
117,data\0\60Hz\images\lateral\IR20211104_2557.png,S0,0
118,data\0\60Hz\images\lateral\IR20211104_2558.png,S0,0
119,data\0\60Hz\images\lateral\IR20211104_2559.png,S0,0
120,data\0\60Hz\images\lateral\IR20211104_2560.png,S0,0
121,data\0\60Hz\images\lateral\IR20211104_2561.png,S0,0
122,data\0\60Hz\images\lateral\IR20211104_2562.png,S0,0
123,data\0\60Hz\images\lateral\IR20211104_2563.png,S0,0
124,data\0\60Hz\images\lateral\IR20211104_2564.png,S0,0
125,data\0\60Hz\images\lateral\IR20211104_2565.png,S0,0
126,data\0\60Hz\images\lateral\IR20211104_2566.png,S0,0
127,data\0\60Hz\images\lateral\IR20211104_2567.png,S0,0
128,data\0\60Hz\images\lateral\IR20211104_2568.png,S0,0
129,data\0\60Hz\images\lateral\IR20211104_2569.png,S0,0
130,data\0\60Hz\images\lateral\IR20211104_2570.png,S0,0
131,data\0\60Hz\images\lateral\IR20211104_2571.png,S0,0
132,data\0\60Hz\images\lateral\IR20211104_2572.png,S0,0
133,data\0\60Hz\images\lateral\IR20211104_2573.png,S0,0
134,data\0\60Hz\images\lateral\IR20211104_2574.png,S0,0
135,data\0\60Hz\images\lateral\IR20211104_2575.png,S0,0
136,data\0\60Hz\images\lateral\IR20211104_2576.png,S0,0
137,data\0\60Hz\images\lateral\IR20211104_2577.png,S0,0
138,data\0\60Hz\images\lateral\IR20211104_2578.png,S0,0
139,data\0\60Hz\images\lateral\IR20211104_2579.png,S0,0
140,data\0\60Hz\images\lateral\IR20211104_2580.png,S0,0
141,data\0\60Hz\images\lateral\IR20211104_2581.png,S0,0
142,data\0\60Hz\images\lateral\IR20211104_2582.png,S0,0
143,data\0\60Hz\images\lateral\IR20211104_2583.png,S0,0
144,data\0\60Hz\images\lateral\IR20211104_2584.png,S0,0
145,data\0\60Hz\images\lateral\IR20211104_2585.png,S0,0
146,data\0\60Hz\images\lateral\IR20211104_2586.png,S0,0
147,data\0\60Hz\images\lateral\IR20211104_2587.png,S0,0
148,data\0\60Hz\images\lateral\IR20211104_2588.png,S0,0
149,data\0\60Hz\images\lateral\IR20211104_2589.png,S0,0
150,data\0\60Hz\images\lateral\IR20211104_2590.png,S0,0
151,data\0\60Hz\images\lateral\IR20211104_2591.png,S0,0
152,data\0\60Hz\images\lateral\IR20211104_2592.png,S0,0
153,data\0\60Hz\images\lateral\IR20211104_2593.png,S0,0
154,data\0\60Hz\images\lateral\IR20211104_2594.png,S0,0
155,data\0\60Hz\images\lateral\IR20211104_2595.png,S0,0
156,data\0\60Hz\images\lateral\IR20211104_2596.png,S0,0
157,data\0\60Hz\images\lateral\IR20211104_2597.png,S0,0
158,data\0\60Hz\images\lateral\IR20211104_2598.png,S0,0
159,data\0\60Hz\images\lateral\IR20211104_2599.png,S0,0
160,data\0\60Hz\images\lateral\IR20211104_2600.png,S0,0
161,data\0\60Hz\images\lateral\IR20211104_2601.png,S0,0
162,data\0\60Hz\images\lateral\IR20211104_2602.png,S0,0
163,data\0\60Hz\images\lateral\IR20211104_2603.png,S0,0
164,data\0\60Hz\images\lateral\IR20211104_2604.png,S0,0
165,data\0\60Hz\images\lateral\IR20211104_2605.png,S0,0
166,data\0\60Hz\images\lateral\IR20211104_2606.png,S0,0
167,data\0\60Hz\images\lateral\IR20211104_2607.png,S0,0
168,data\0\60Hz\images\lateral\IR20211104_2608.png,S0,0
169,data\0\60Hz\images\lateral\IR20211104_2609.png,S0,0
170,data\0\60Hz\images\lateral\IR20211104_2610.png,S0,0
171,data\0\60Hz\images\lateral\IR20211104_2611.png,S0,0
172,data\0\60Hz\images\lateral\IR20211104_2612.png,S0,0
173,data\0\60Hz\images\lateral\IR20211104_2613.png,S0,0
174,data\0\60Hz\images\lateral\IR20211104_2614.png,S0,0
175,data\0\60Hz\images\lateral\IR20211104_2615.png,S0,0
176,data\0\60Hz\images\lateral\IR20211104_2616.png,S0,0
177,data\0\60Hz\images\lateral\IR20211104_2617.png,S0,0
178,data\0\60Hz\images\lateral\IR20211104_2618.png,S0,0
179,data\0\60Hz\images\lateral\IR20211104_2619.png,S0,0
180,data\0\60Hz\images\lateral\IR20211104_2620.png,S0,0
181,data\0\60Hz\images\lateral\IR20211104_2621.png,S0,0
182,data\0\60Hz\images\lateral\IR20211104_2622.png,S0,0
183,data\0\60Hz\images\lateral\IR20211104_2623.png,S0,0
184,data\0\60Hz\images\lateral\IR20211104_2624.png,S0,0
185,data\0\60Hz\images\lateral\IR20211104_2625.png,S0,0
186,data\0\60Hz\images\lateral\IR20211104_2626.png,S0,0
187,data\0\60Hz\images\diagonal\IR20211103_2275.png,S0,0
188,data\0\60Hz\images\diagonal\IR20211103_2276.png,S0,0
189,data\0\60Hz\images\diagonal\IR20211103_2277.png,S0,0
190,data\0\60Hz\images\diagonal\IR20211103_2278.png,S0,0
191,data\0\60Hz\images\diagonal\IR20211103_2279.png,S0,0
192,data\0\60Hz\images\diagonal\IR20211103_2280.png,S0,0
193,data\0\60Hz\images\diagonal\IR20211103_2281.png,S0,0
194,data\0\60Hz\images\diagonal\IR20211103_2282.png,S0,0
195,data\0\60Hz\images\diagonal\IR20211103_2283.png,S0,0
196,data\0\60Hz\images\diagonal\IR20211103_2284.png,S0,0
197,data\0\60Hz\images\diagonal\IR20211103_2285.png,S0,0
198,data\0\60Hz\images\diagonal\IR20211103_2286.png,S0,0
199,data\0\60Hz\images\diagonal\IR20211103_2287.png,S0,0
200,data\0\60Hz\images\diagonal\IR20211103_2288.png,S0,0
201,data\0\60Hz\images\diagonal\IR20211103_2289.png,S0,0
202,data\0\60Hz\images\diagonal\IR20211103_2290.png,S0,0
203,data\0\60Hz\images\diagonal\IR20211103_2291.png,S0,0
204,data\0\60Hz\images\diagonal\IR20211103_2292.png,S0,0
205,data\0\60Hz\images\diagonal\IR20211103_2293.png,S0,0
206,data\0\60Hz\images\diagonal\IR20211103_2294.png,S0,0
207,data\0\60Hz\images\diagonal\IR20211103_2295.png,S0,0
208,data\0\60Hz\images\diagonal\IR20211103_2296.png,S0,0
209,data\0\60Hz\images\diagonal\IR20211103_2297.png,S0,0
210,data\0\60Hz\images\diagonal\IR20211103_2298.png,S0,0
211,data\0\60Hz\images\diagonal\IR20211103_2299.png,S0,0
212,data\0\60Hz\images\diagonal\IR20211103_2300.png,S0,0
213,data\0\60Hz\images\diagonal\IR20211103_2301.png,S0,0
214,data\0\60Hz\images\diagonal\IR20211103_2302.png,S0,0
215,data\0\60Hz\images\diagonal\IR20211103_2303.png,S0,0
216,data\0\60Hz\images\diagonal\IR20211103_2304.png,S0,0
217,data\0\60Hz\images\diagonal\IR20211103_2305.png,S0,0
218,data\0\60Hz\images\diagonal\IR20211103_2306.png,S0,0
219,data\0\60Hz\images\diagonal\IR20211103_2307.png,S0,0
220,data\0\60Hz\images\diagonal\IR20211103_2308.png,S0,0
221,data\0\60Hz\images\diagonal\IR20211103_2309.png,S0,0
222,data\0\60Hz\images\diagonal\IR20211103_2310.png,S0,0
223,data\0\60Hz\images\diagonal\IR20211103_2311.png,S0,0
224,data\0\60Hz\images\diagonal\IR20211103_2312.png,S0,0
225,data\0\60Hz\images\diagonal\IR20211103_2313.png,S0,0
226,data\0\60Hz\images\diagonal\IR20211103_2314.png,S0,0
227,data\0\60Hz\images\diagonal\IR20211103_2315.png,S0,0
228,data\0\60Hz\images\diagonal\IR20211103_2316.png,S0,0
229,data\0\60Hz\images\diagonal\IR20211103_2317.png,S0,0
230,data\0\60Hz\images\diagonal\IR20211103_2318.png,S0,0
231,data\0\60Hz\images\diagonal\IR20211103_2319.png,S0,0
232,data\0\60Hz\images\diagonal\IR20211103_2320.png,S0,0
233,data\0\60Hz\images\diagonal\IR20211103_2321.png,S0,0
234,data\0\60Hz\images\diagonal\IR20211103_2322.png,S0,0
235,data\0\60Hz\images\diagonal\IR20211103_2323.png,S0,0
236,data\0\60Hz\images\diagonal\IR20211103_2324.png,S0,0
237,data\0\60Hz\images\diagonal\IR20211103_2325.png,S0,0
238,data\0\60Hz\images\diagonal\IR20211103_2326.png,S0,0
239,data\0\60Hz\images\diagonal\IR20211103_2327.png,S0,0
240,data\0\60Hz\images\diagonal\IR20211103_2328.png,S0,0
241,data\0\60Hz\images\diagonal\IR20211103_2329.png,S0,0
242,data\0\60Hz\images\diagonal\IR20211103_2330.png,S0,0
243,data\0\60Hz\images\diagonal\IR20211103_2331.png,S0,0
244,data\0\60Hz\images\diagonal\IR20211103_2332.png,S0,0
245,data\0\60Hz\images\diagonal\IR20211103_2333.png,S0,0
246,data\0\60Hz\images\diagonal\IR20211103_2334.png,S0,0
247,data\0\60Hz\images\diagonal\IR20211103_2335.png,S0,0
248,data\0\60Hz\images\diagonal\IR20211103_2336.png,S0,0
249,data\0\60Hz\images\diagonal\IR20211103_2337.png,S0,0
250,data\0\60Hz\images\diagonal\IR20211103_2338.png,S0,0
251,data\0\60Hz\images\diagonal\IR20211103_2339.png,S0,0
252,data\0\60Hz\images\diagonal\IR20211103_2340.png,S0,0
253,data\0\60Hz\images\diagonal\IR20211103_2341.png,S0,0
254,data\0\60Hz\images\diagonal\IR20211103_2342.png,S0,0
255,data\0\60Hz\images\diagonal\IR20211103_2343.png,S0,0
256,data\0\60Hz\images\diagonal\IR20211103_2344.png,S0,0
257,data\0\60Hz\images\diagonal\IR20211103_2345.png,S0,0
258,data\0\60Hz\images\diagonal\IR20211103_2346.png,S0,0
259,data\0\60Hz\images\diagonal\IR20211103_2347.png,S0,0
260,data\0\60Hz\images\diagonal\IR20211103_2348.png,S0,0
261,data\0\60Hz\images\diagonal\IR20211103_2349.png,S0,0
262,data\0\60Hz\images\diagonal\IR20211103_2350.png,S0,0
263,data\0\60Hz\images\diagonal\IR20211103_2351.png,S0,0
264,data\0\60Hz\images\diagonal\IR20211103_2352.png,S0,0
265,data\0\60Hz\images\diagonal\IR20211103_2353.png,S0,0
266,data\0\60Hz\images\diagonal\IR20211103_2354.png,S0,0
267,data\0\60Hz\images\diagonal\IR20211103_2355.png,S0,0
268,data\0\60Hz\images\diagonal\IR20211103_2356.png,S0,0
269,data\0\60Hz\images\diagonal\IR20211103_2357.png,S0,0
270,data\0\60Hz\images\diagonal\IR20211103_2358.png,S0,0
271,data\0\60Hz\images\diagonal\IR20211103_2359.png,S0,0
272,data\0\60Hz\images\diagonal\IR20211103_2360.png,S0,0
273,data\0\60Hz\images\diagonal\IR20211103_2361.png,S0,0
274,data\0\60Hz\images\diagonal\IR20211103_2362.png,S0,0
275,data\0\60Hz\images\diagonal\IR20211103_2363.png,S0,0
276,data\0\60Hz\images\diagonal\IR20211103_2364.png,S0,0
277,data\0\60Hz\images\diagonal\IR20211103_2365.png,S0,0
278,data\0\60Hz\images\diagonal\IR20211103_2366.png,S0,0
279,data\0\60Hz\images\diagonal\IR20211103_2367.png,S0,0
280,data\0\60Hz\images\diagonal\IR20211103_2368.png,S0,0
281,data\0\60Hz\images\diagonal\IR20211103_2369.png,S0,0
282,data\0\60Hz\images\diagonal\IR20211103_2370.png,S0,0
283,data\0\60Hz\images\diagonal\IR20211103_2371.png,S0,0
284,data\0\60Hz\images\diagonal\IR20211103_2372.png,S0,0
285,data\0\60Hz\images\diagonal\IR20211103_2373.png,S0,0
286,data\0\60Hz\images\diagonal\IR20211103_2374.png,S0,0
287,data\0\60Hz\images\diagonal\IR20211103_2375.png,S0,0
288,data\0\60Hz\images\diagonal\IR20211103_2376.png,S0,0
289,data\0\60Hz\images\diagonal\IR20211103_2377.png,S0,0
290,data\0\60Hz\images\diagonal\IR20211103_2378.png,S0,0
291,data\0\60Hz\images\diagonal\IR20211103_2379.png,S0,0
292,data\0\60Hz\images\diagonal\IR20211103_2380.png,S0,0
293,data\0\60Hz\images\diagonal\IR20211103_2381.png,S0,0
294,data\0\60Hz\images\diagonal\IR20211103_2382.png,S0,0
295,data\0\60Hz\images\diagonal\IR20211103_2383.png,S0,0
296,data\0\60Hz\images\diagonal\IR20211103_2384.png,S0,0
297,data\0\60Hz\images\diagonal\IR20211103_2385.png,S0,0
298,data\0\60Hz\images\diagonal\IR20211103_2386.png,S0,0
299,data\0\60Hz\images\diagonal\IR20211103_2387.png,S0,0
300,data\0\60Hz\images\diagonal\IR20211103_2388.png,S0,0
301,data\0\60Hz\images\diagonal\IR20211103_2389.png,S0,0
302,data\0\60Hz\images\diagonal\IR20211103_2390.png,S0,0
303,data\0\60Hz\images\diagonal\IR20211103_2391.png,S0,0
304,data\0\60Hz\images\diagonal\IR20211103_2392.png,S0,0
305,data\0\60Hz\images\diagonal\IR20211103_2393.png,S0,0
306,data\0\60Hz\images\diagonal\IR20211103_2394.png,S0,0
307,data\0\60Hz\images\diagonal\IR20211103_2395.png,S0,0
308,data\0\60Hz\images\diagonal\IR20211103_2396.png,S0,0
309,data\0\60Hz\images\diagonal\IR20211103_2397.png,S0,0
310,data\0\60Hz\images\diagonal\IR20211103_2398.png,S0,0
311,data\0\60Hz\images\diagonal\IR20211103_2399.png,S0,0
312,data\0\60Hz\images\diagonal\IR20211103_2400.png,S0,0
313,data\0\60Hz\images\diagonal\IR20211103_2401.png,S0,0
314,data\0\60Hz\images\diagonal\IR20211103_2402.png,S0,0
315,data\0\60Hz\images\diagonal\IR20211103_2403.png,S0,0
316,data\0\60Hz\images\diagonal\IR20211103_2404.png,S0,0
317,data\0\60Hz\images\diagonal\IR20211103_2405.png,S0,0
318,data\0\60Hz\images\diagonal\IR20211103_2406.png,S0,0
319,data\0\60Hz\images\diagonal\IR20211103_2407.png,S0,0
320,data\0\60Hz\images\diagonal\IR20211103_2408.png,S0,0
321,data\0\60Hz\images\diagonal\IR20211103_2409.png,S0,0
322,data\0\60Hz\images\diagonal\IR20211103_2410.png,S0,0
323,data\0\60Hz\images\diagonal\IR20211103_2411.png,S0,0
324,data\0\60Hz\images\diagonal\IR20211103_2412.png,S0,0
325,data\0\60Hz\images\diagonal\IR20211103_2413.png,S0,0
326,data\0\60Hz\images\diagonal\IR20211103_2414.png,S0,0
327,data\0\60Hz\images\diagonal\IR20211103_2415.png,S0,0
328,data\0\60Hz\images\diagonal\IR20211103_2416.png,S0,0
329,data\0\60Hz\images\diagonal\IR20211103_2417.png,S0,0
330,data\0\60Hz\images\diagonal\IR20211103_2418.png,S0,0
331,data\0\60Hz\images\diagonal\IR20211103_2419.png,S0,0
332,data\0\60Hz\images\diagonal\IR20211103_2420.png,S0,0
333,data\0\60Hz\images\diagonal\IR20211103_2421.png,S0,0
334,data\0\60Hz\images\diagonal\IR20211103_2422.png,S0,0
335,data\0\60Hz\images\diagonal\IR20211103_2423.png,S0,0
336,data\0\60Hz\images\diagonal\IR20211103_2424.png,S0,0
337,data\0\60Hz\images\diagonal\IR20211103_2425.png,S0,0
338,data\0\60Hz\images\diagonal\IR20211103_2426.png,S0,0
339,data\0\60Hz\images\diagonal\IR20211103_2427.png,S0,0
340,data\0\60Hz\images\diagonal\IR20211103_2428.png,S0,0
341,data\0\60Hz\images\diagonal\IR20211103_2429.png,S0,0
342,data\0\60Hz\images\diagonal\IR20211103_2430.png,S0,0
343,data\0\60Hz\images\diagonal\IR20211103_2431.png,S0,0
344,data\0\60Hz\images\diagonal\IR20211103_2432.png,S0,0
345,data\0\60Hz\images\diagonal\IR20211103_2433.png,S0,0
346,data\0\60Hz\images\diagonal\IR20211103_2434.png,S0,0
347,data\0\60Hz\images\diagonal\IR20211103_2435.png,S0,0
348,data\1\60Hz\images\lateral\IR000010.png,S1,1
349,data\1\60Hz\images\lateral\IR000011.png,S1,1
350,data\1\60Hz\images\lateral\IR000012.png,S1,1
351,data\1\60Hz\images\lateral\IR000013.png,S1,1
352,data\1\60Hz\images\lateral\IR000014.png,S1,1
353,data\1\60Hz\images\lateral\IR000015.png,S1,1
354,data\1\60Hz\images\lateral\IR000016.png,S1,1
355,data\1\60Hz\images\lateral\IR000017.png,S1,1
356,data\1\60Hz\images\lateral\IR000018.png,S1,1
357,data\1\60Hz\images\lateral\IR000019.png,S1,1
358,data\1\60Hz\images\lateral\IR000020.png,S1,1
359,data\1\60Hz\images\lateral\IR000021.png,S1,1
360,data\1\60Hz\images\lateral\IR000022.png,S1,1
361,data\1\60Hz\images\lateral\IR000023.png,S1,1
362,data\1\60Hz\images\lateral\IR000024.png,S1,1
363,data\1\60Hz\images\lateral\IR000025.png,S1,1
364,data\1\60Hz\images\lateral\IR000026.png,S1,1
365,data\1\60Hz\images\lateral\IR000027.png,S1,1
366,data\1\60Hz\images\lateral\IR000028.png,S1,1
367,data\1\60Hz\images\lateral\IR000029.png,S1,1
368,data\1\60Hz\images\lateral\IR000030.png,S1,1
369,data\1\60Hz\images\lateral\IR000031.png,S1,1
370,data\1\60Hz\images\lateral\IR000032.png,S1,1
371,data\1\60Hz\images\lateral\IR000033.png,S1,1
372,data\1\60Hz\images\lateral\IR000034.png,S1,1
373,data\1\60Hz\images\lateral\IR000035.png,S1,1
374,data\1\60Hz\images\lateral\IR000036.png,S1,1
375,data\1\60Hz\images\lateral\IR000037.png,S1,1
376,data\1\60Hz\images\lateral\IR000038.png,S1,1
377,data\1\60Hz\images\lateral\IR000039.png,S1,1
378,data\1\60Hz\images\lateral\IR000040.png,S1,1
379,data\1\60Hz\images\lateral\IR000041.png,S1,1
380,data\1\60Hz\images\lateral\IR000042.png,S1,1
381,data\1\60Hz\images\lateral\IR000043.png,S1,1
382,data\1\60Hz\images\lateral\IR000044.png,S1,1
383,data\1\60Hz\images\lateral\IR000045.png,S1,1
384,data\1\60Hz\images\lateral\IR000046.png,S1,1
385,data\1\60Hz\images\lateral\IR000047.png,S1,1
386,data\1\60Hz\images\lateral\IR000048.png,S1,1
387,data\1\60Hz\images\lateral\IR000049.png,S1,1
388,data\1\60Hz\images\lateral\IR000050.png,S1,1
389,data\1\60Hz\images\lateral\IR000051.png,S1,1
390,data\1\60Hz\images\lateral\IR000052.png,S1,1
391,data\1\60Hz\images\lateral\IR000053.png,S1,1
392,data\1\60Hz\images\lateral\IR000054.png,S1,1
393,data\1\60Hz\images\lateral\IR000055.png,S1,1
394,data\1\60Hz\images\lateral\IR000056.png,S1,1
395,data\1\60Hz\images\lateral\IR000057.png,S1,1
396,data\1\60Hz\images\lateral\IR000058.png,S1,1
397,data\1\60Hz\images\lateral\IR000059.png,S1,1
398,data\1\60Hz\images\lateral\IR000060.png,S1,1
399,data\1\60Hz\images\lateral\IR000061.png,S1,1
400,data\1\60Hz\images\lateral\IR000062.png,S1,1
401,data\1\60Hz\images\lateral\IR000063.png,S1,1
402,data\1\60Hz\images\diagonal\IR20220202_4342.png,S1,1
403,data\1\60Hz\images\diagonal\IR20220202_4343.png,S1,1
404,data\1\60Hz\images\diagonal\IR20220202_4344.png,S1,1
405,data\1\60Hz\images\diagonal\IR20220202_4345.png,S1,1
406,data\1\60Hz\images\diagonal\IR20220202_4346.png,S1,1
407,data\1\60Hz\images\diagonal\IR20220202_4347.png,S1,1
408,data\1\60Hz\images\diagonal\IR20220202_4348.png,S1,1
409,data\1\60Hz\images\diagonal\IR20220202_4349.png,S1,1
410,data\1\60Hz\images\diagonal\IR20220202_4350.png,S1,1
411,data\1\60Hz\images\diagonal\IR20220202_4351.png,S1,1
412,data\1\60Hz\images\diagonal\IR20220202_4352.png,S1,1
413,data\1\60Hz\images\diagonal\IR20220202_4353.png,S1,1
414,data\1\60Hz\images\diagonal\IR20220202_4354.png,S1,1
415,data\1\60Hz\images\diagonal\IR20220202_4355.png,S1,1
416,data\1\60Hz\images\diagonal\IR20220202_4356.png,S1,1
417,data\1\60Hz\images\diagonal\IR20220202_4357.png,S1,1
418,data\1\60Hz\images\diagonal\IR20220202_4358.png,S1,1
419,data\1\60Hz\images\diagonal\IR20220202_4359.png,S1,1
420,data\1\60Hz\images\diagonal\IR20220202_4360.png,S1,1
421,data\1\60Hz\images\diagonal\IR20220202_4361.png,S1,1
422,data\1\60Hz\images\diagonal\IR20220202_4362.png,S1,1
423,data\1\60Hz\images\diagonal\IR20220202_4363.png,S1,1
424,data\1\60Hz\images\diagonal\IR20220202_4364.png,S1,1
425,data\1\60Hz\images\diagonal\IR20220202_4365.png,S1,1
426,data\1\60Hz\images\diagonal\IR20220202_4366.png,S1,1
427,data\1\60Hz\images\diagonal\IR20220202_4367.png,S1,1
428,data\1\60Hz\images\diagonal\IR20220202_4368.png,S1,1
429,data\1\60Hz\images\diagonal\IR20220202_4369.png,S1,1
430,data\1\60Hz\images\diagonal\IR20220202_4370.png,S1,1
431,data\1\60Hz\images\diagonal\IR20220202_4371.png,S1,1
432,data\1\60Hz\images\diagonal\IR20220202_4372.png,S1,1
433,data\1\60Hz\images\diagonal\IR20220202_4373.png,S1,1
434,data\1\60Hz\images\diagonal\IR20220202_4374.png,S1,1
435,data\1\60Hz\images\diagonal\IR20220202_4375.png,S1,1
436,data\1\60Hz\images\diagonal\IR20220202_4376.png,S1,1
437,data\1\60Hz\images\diagonal\IR20220202_4377.png,S1,1
438,data\1\60Hz\images\diagonal\IR20220202_4378.png,S1,1
439,data\1\60Hz\images\diagonal\IR20220202_4379.png,S1,1
440,data\1\60Hz\images\diagonal\IR20220202_4380.png,S1,1
441,data\1\60Hz\images\diagonal\IR20220202_4381.png,S1,1
442,data\1\60Hz\images\diagonal\IR20220202_4382.png,S1,1
443,data\1\60Hz\images\diagonal\IR20220202_4383.png,S1,1
444,data\1\60Hz\images\diagonal\IR20220202_4384.png,S1,1
445,data\1\60Hz\images\diagonal\IR20220202_4385.png,S1,1
446,data\1\60Hz\images\diagonal\IR20220202_4386.png,S1,1
447,data\1\60Hz\images\diagonal\IR20220202_4387.png,S1,1
448,data\1\60Hz\images\diagonal\IR20220202_4388.png,S1,1
449,data\1\60Hz\images\diagonal\IR20220202_4389.png,S1,1
450,data\1\60Hz\images\diagonal\IR20220202_4390.png,S1,1
451,data\1\60Hz\images\diagonal\IR20220202_4391.png,S1,1
452,data\1\60Hz\images\diagonal\IR20220202_4392.png,S1,1
453,data\1\60Hz\images\diagonal\IR20220202_4393.png,S1,1
454,data\1\60Hz\images\diagonal\IR20220202_4394.png,S1,1
455,data\1\60Hz\images\diagonal\IR20220202_4395.png,S1,1
456,data\1\60Hz\images\diagonal\IR20220202_4396.png,S1,1
457,data\1\60Hz\images\diagonal\IR20220202_4397.png,S1,1
458,data\1\60Hz\images\diagonal\IR20220202_4398.png,S1,1
459,data\1\60Hz\images\diagonal\IR20220202_4399.png,S1,1
460,data\1\60Hz\images\diagonal\IR20220202_4400.png,S1,1
461,data\1\60Hz\images\diagonal\IR20220202_4401.png,S1,1
462,data\1\60Hz\images\diagonal\IR20220202_4402.png,S1,1
463,data\1\60Hz\images\diagonal\IR20220202_4403.png,S1,1
464,data\1\60Hz\images\diagonal\IR20220202_4404.png,S1,1
465,data\1\60Hz\images\diagonal\IR20220202_4405.png,S1,1
466,data\1\60Hz\images\diagonal\IR20220202_4406.png,S1,1
467,data\1\60Hz\images\diagonal\IR20220202_4407.png,S1,1
468,data\1\60Hz\images\diagonal\IR20220202_4408.png,S1,1
469,data\1\60Hz\images\diagonal\IR20220202_4409.png,S1,1
470,data\1\60Hz\images\diagonal\IR20220202_4410.png,S1,1
471,data\1\60Hz\images\diagonal\IR20220202_4411.png,S1,1
472,data\1\60Hz\images\diagonal\IR20220202_4412.png,S1,1
473,data\1\60Hz\images\diagonal\IR20220202_4413.png,S1,1
474,data\1\60Hz\images\diagonal\IR20220202_4414.png,S1,1
475,data\1\60Hz\images\diagonal\IR20220202_4415.png,S1,1
476,data\1\60Hz\images\diagonal\IR20220202_4416.png,S1,1
477,data\1\60Hz\images\diagonal\IR20220202_4417.png,S1,1
478,data\1\60Hz\images\diagonal\IR20220202_4418.png,S1,1
479,data\1\60Hz\images\diagonal\IR20220202_4419.png,S1,1
480,data\1\60Hz\images\diagonal\IR20220202_4420.png,S1,1
481,data\1\60Hz\images\diagonal\IR20220202_4421.png,S1,1
482,data\1\60Hz\images\diagonal\IR20220202_4422.png,S1,1
483,data\1\60Hz\images\diagonal\IR20220202_4423.png,S1,1
484,data\1\60Hz\images\diagonal\IR20220202_4424.png,S1,1
485,data\1\60Hz\images\diagonal\IR20220202_4425.png,S1,1
486,data\1\60Hz\images\diagonal\IR20220202_4426.png,S1,1
487,data\1\60Hz\images\diagonal\IR20220202_4427.png,S1,1
488,data\1\60Hz\images\diagonal\IR20220202_4428.png,S1,1
489,data\1\60Hz\images\diagonal\IR20220202_4429.png,S1,1
490,data\1\60Hz\images\diagonal\IR20220202_4430.png,S1,1
491,data\1\60Hz\images\diagonal\IR20220202_4431.png,S1,1
492,data\1\60Hz\images\diagonal\IR20220202_4432.png,S1,1
493,data\1\60Hz\images\diagonal\IR20220202_4433.png,S1,1
494,data\1\60Hz\images\diagonal\IR20220202_4434.png,S1,1
495,data\1\60Hz\images\diagonal\IR20220202_4435.png,S1,1
496,data\1\60Hz\images\diagonal\IR20220202_4436.png,S1,1
497,data\1\60Hz\images\diagonal\IR20220202_4437.png,S1,1
498,data\1\60Hz\images\diagonal\IR20220202_4438.png,S1,1
499,data\1\60Hz\images\diagonal\IR20220202_4439.png,S1,1
500,data\1\60Hz\images\diagonal\IR20220202_4440.png,S1,1
501,data\1\60Hz\images\diagonal\IR20220202_4441.png,S1,1
502,data\1\60Hz\images\diagonal\IR20220202_4442.png,S1,1
503,data\1\60Hz\images\diagonal\IR20220202_4443.png,S1,1
504,data\1\60Hz\images\diagonal\IR20220202_4444.png,S1,1
505,data\1\60Hz\images\diagonal\IR20220202_4445.png,S1,1
506,data\1\60Hz\images\diagonal\IR20220202_4446.png,S1,1
507,data\1\60Hz\images\diagonal\IR20220202_4447.png,S1,1
508,data\1\60Hz\images\diagonal\IR20220202_4448.png,S1,1
509,data\1\60Hz\images\diagonal\IR20220202_4449.png,S1,1
510,data\1\60Hz\images\diagonal\IR20220202_4450.png,S1,1
511,data\1\60Hz\images\diagonal\IR20220202_4451.png,S1,1
512,data\1\60Hz\images\diagonal\IR20220202_4452.png,S1,1
513,data\1\60Hz\images\diagonal\IR20220202_4453.png,S1,1
514,data\1\60Hz\images\diagonal\IR20220202_4454.png,S1,1
515,data\1\60Hz\images\diagonal\IR20220202_4455.png,S1,1
516,data\1\60Hz\images\diagonal\IR20220202_4456.png,S1,1
517,data\1\60Hz\images\diagonal\IR20220202_4457.png,S1,1
518,data\1\60Hz\images\diagonal\IR20220202_4458.png,S1,1
519,data\1\60Hz\images\diagonal\IR20220202_4459.png,S1,1
520,data\1\60Hz\images\diagonal\IR20220202_4460.png,S1,1
521,data\1\60Hz\images\diagonal\IR20220202_4461.png,S1,1
522,data\1\60Hz\images\diagonal\IR20220202_4462.png,S1,1
523,data\1\60Hz\images\diagonal\IR20220202_4463.png,S1,1
524,data\1\60Hz\images\diagonal\IR20220202_4464.png,S1,1
525,data\1\60Hz\images\diagonal\IR20220202_4465.png,S1,1
526,data\1\60Hz\images\diagonal\IR20220202_4466.png,S1,1
527,data\1\60Hz\images\diagonal\IR20220202_4467.png,S1,1
528,data\1\60Hz\images\diagonal\IR20220202_4468.png,S1,1
529,data\1\60Hz\images\diagonal\IR20220202_4469.png,S1,1
530,data\1\60Hz\images\diagonal\IR20220202_4470.png,S1,1
531,data\1\60Hz\images\diagonal\IR20220202_4471.png,S1,1
532,data\1\60Hz\images\diagonal\IR20220202_4472.png,S1,1
533,data\1\60Hz\images\diagonal\IR20220202_4473.png,S1,1
534,data\1\60Hz\images\diagonal\IR20220202_4474.png,S1,1
535,data\1\60Hz\images\diagonal\IR20220202_4475.png,S1,1
536,data\1\60Hz\images\diagonal\IR20220202_4476.png,S1,1
537,data\1\60Hz\images\diagonal\IR20220202_4477.png,S1,1
538,data\1\60Hz\images\diagonal\IR20220202_4478.png,S1,1
539,data\1\60Hz\images\diagonal\IR20220202_4479.png,S1,1
540,data\1\60Hz\images\diagonal\IR20220202_4480.png,S1,1
541,data\1\60Hz\images\diagonal\IR20220202_4481.png,S1,1
542,data\1\60Hz\images\diagonal\IR20220202_4482.png,S1,1
543,data\1\60Hz\images\diagonal\IR20220202_4483.png,S1,1
544,data\1\60Hz\images\diagonal\IR20220202_4484.png,S1,1
545,data\1\60Hz\images\diagonal\IR20220202_4485.png,S1,1
546,data\1\60Hz\images\diagonal\IR20220202_4486.png,S1,1
547,data\1\60Hz\images\diagonal\IR20220202_4487.png,S1,1
548,data\1\60Hz\images\diagonal\IR20220202_4488.png,S1,1
549,data\1\60Hz\images\diagonal\IR20220202_4489.png,S1,1
550,data\1\60Hz\images\diagonal\IR20220202_4490.png,S1,1
551,data\1\60Hz\images\diagonal\IR20220202_4491.png,S1,1
552,data\1\60Hz\images\diagonal\IR20220202_4492.png,S1,1
553,data\1\60Hz\images\diagonal\IR20220202_4493.png,S1,1
554,data\1\60Hz\images\diagonal\IR20220202_4494.png,S1,1
555,data\1\60Hz\images\diagonal\IR20220202_4495.png,S1,1
556,data\1\60Hz\images\diagonal\IR20220202_4496.png,S1,1
557,data\3\60Hz\images\diagonal\IR20211111_3002.png,S3,3
558,data\3\60Hz\images\diagonal\IR20211111_3003.png,S3,3
559,data\3\60Hz\images\diagonal\IR20211111_3004.png,S3,3
560,data\3\60Hz\images\diagonal\IR20211111_3005.png,S3,3
561,data\3\60Hz\images\diagonal\IR20211111_3006.png,S3,3
562,data\3\60Hz\images\diagonal\IR20211111_3007.png,S3,3
563,data\3\60Hz\images\diagonal\IR20211111_3008.png,S3,3
564,data\3\60Hz\images\diagonal\IR20211111_3009.png,S3,3
565,data\3\60Hz\images\diagonal\IR20211111_3010.png,S3,3
566,data\3\60Hz\images\diagonal\IR20211111_3011.png,S3,3
567,data\3\60Hz\images\diagonal\IR20211111_3012.png,S3,3
568,data\3\60Hz\images\diagonal\IR20211111_3013.png,S3,3
569,data\3\60Hz\images\diagonal\IR20211111_3014.png,S3,3
570,data\3\60Hz\images\diagonal\IR20211111_3015.png,S3,3
571,data\3\60Hz\images\diagonal\IR20211111_3016.png,S3,3
572,data\3\60Hz\images\diagonal\IR20211111_3017.png,S3,3
573,data\3\60Hz\images\diagonal\IR20211111_3018.png,S3,3
574,data\3\60Hz\images\diagonal\IR20211111_3019.png,S3,3
575,data\3\60Hz\images\diagonal\IR20211111_3020.png,S3,3
576,data\3\60Hz\images\diagonal\IR20211111_3021.png,S3,3
577,data\3\60Hz\images\diagonal\IR20211111_3022.png,S3,3
578,data\3\60Hz\images\diagonal\IR20211111_3023.png,S3,3
579,data\3\60Hz\images\diagonal\IR20211111_3024.png,S3,3
580,data\3\60Hz\images\diagonal\IR20211111_3025.png,S3,3
581,data\3\60Hz\images\diagonal\IR20211111_3026.png,S3,3
582,data\3\60Hz\images\diagonal\IR20211111_3027.png,S3,3
583,data\3\60Hz\images\diagonal\IR20211111_3028.png,S3,3
584,data\3\60Hz\images\diagonal\IR20211111_3029.png,S3,3
585,data\3\60Hz\images\diagonal\IR20211111_3030.png,S3,3
586,data\3\60Hz\images\diagonal\IR20211111_3031.png,S3,3
587,data\3\60Hz\images\diagonal\IR20211111_3032.png,S3,3
588,data\3\60Hz\images\diagonal\IR20211111_3033.png,S3,3
589,data\3\60Hz\images\diagonal\IR20211111_3034.png,S3,3
590,data\3\60Hz\images\diagonal\IR20211111_3035.png,S3,3
591,data\3\60Hz\images\diagonal\IR20211111_3036.png,S3,3
592,data\3\60Hz\images\diagonal\IR20211111_3037.png,S3,3
593,data\3\60Hz\images\diagonal\IR20211111_3038.png,S3,3
594,data\3\60Hz\images\diagonal\IR20211111_3039.png,S3,3
595,data\3\60Hz\images\diagonal\IR20211111_3040.png,S3,3
596,data\3\60Hz\images\diagonal\IR20211111_3041.png,S3,3
597,data\3\60Hz\images\diagonal\IR20211111_3042.png,S3,3
598,data\3\60Hz\images\diagonal\IR20211111_3043.png,S3,3
599,data\3\60Hz\images\diagonal\IR20211111_3044.png,S3,3
600,data\3\60Hz\images\diagonal\IR20211111_3045.png,S3,3
601,data\3\60Hz\images\diagonal\IR20211111_3046.png,S3,3
602,data\3\60Hz\images\diagonal\IR20211111_3047.png,S3,3
603,data\3\60Hz\images\diagonal\IR20211111_3048.png,S3,3
604,data\3\60Hz\images\diagonal\IR20211111_3049.png,S3,3
605,data\3\60Hz\images\diagonal\IR20211111_3050.png,S3,3
606,data\3\60Hz\images\diagonal\IR20211111_3051.png,S3,3
607,data\3\60Hz\images\diagonal\IR20211111_3052.png,S3,3
608,data\3\60Hz\images\diagonal\IR20211111_3053.png,S3,3
609,data\3\60Hz\images\diagonal\IR20211111_3054.png,S3,3
610,data\3\60Hz\images\diagonal\IR20211111_3055.png,S3,3
611,data\3\60Hz\images\diagonal\IR20211111_3056.png,S3,3
612,data\3\60Hz\images\diagonal\IR20211111_3057.png,S3,3
613,data\3\60Hz\images\diagonal\IR20211111_3058.png,S3,3
614,data\3\60Hz\images\diagonal\IR20211111_3059.png,S3,3
615,data\3\60Hz\images\diagonal\IR20211111_3060.png,S3,3
616,data\3\60Hz\images\diagonal\IR20211111_3061.png,S3,3
617,data\3\60Hz\images\diagonal\IR20211111_3062.png,S3,3
618,data\3\60Hz\images\diagonal\IR20211111_3063.png,S3,3
619,data\3\60Hz\images\diagonal\IR20211111_3064.png,S3,3
620,data\3\60Hz\images\diagonal\IR20211111_3065.png,S3,3
621,data\3\60Hz\images\diagonal\IR20211111_3066.png,S3,3
622,data\3\60Hz\images\diagonal\IR20211111_3067.png,S3,3
623,data\3\60Hz\images\diagonal\IR20211111_3068.png,S3,3
624,data\3\60Hz\images\diagonal\IR20211111_3069.png,S3,3
625,data\3\60Hz\images\diagonal\IR20211111_3070.png,S3,3
626,data\3\60Hz\images\diagonal\IR20211111_3071.png,S3,3
627,data\3\60Hz\images\diagonal\IR20211111_3072.png,S3,3
628,data\3\60Hz\images\diagonal\IR20211111_3073.png,S3,3
629,data\3\60Hz\images\diagonal\IR20211111_3074.png,S3,3
630,data\3\60Hz\images\diagonal\IR20211111_3075.png,S3,3
631,data\3\60Hz\images\diagonal\IR20211111_3076.png,S3,3
632,data\3\60Hz\images\diagonal\IR20211111_3077.png,S3,3
633,data\3\60Hz\images\diagonal\IR20211111_3078.png,S3,3
634,data\3\60Hz\images\diagonal\IR20211111_3079.png,S3,3
635,data\3\60Hz\images\diagonal\IR20211111_3080.png,S3,3
636,data\3\60Hz\images\diagonal\IR20211111_3081.png,S3,3
637,data\3\60Hz\images\diagonal\IR20211111_3082.png,S3,3
638,data\3\60Hz\images\diagonal\IR20211111_3083.png,S3,3
639,data\3\60Hz\images\diagonal\IR20211111_3084.png,S3,3
640,data\3\60Hz\images\diagonal\IR20211111_3085.png,S3,3
641,data\3\60Hz\images\diagonal\IR20211111_3086.png,S3,3
642,data\3\60Hz\images\diagonal\IR20211111_3087.png,S3,3
643,data\3\60Hz\images\diagonal\IR20211111_3088.png,S3,3
644,data\3\60Hz\images\diagonal\IR20211111_3089.png,S3,3
645,data\3\60Hz\images\diagonal\IR20211111_3090.png,S3,3
646,data\3\60Hz\images\diagonal\IR20211111_3091.png,S3,3
647,data\3\60Hz\images\diagonal\IR20211111_3092.png,S3,3
648,data\3\60Hz\images\diagonal\IR20211111_3093.png,S3,3
649,data\3\60Hz\images\diagonal\IR20211111_3094.png,S3,3
650,data\3\60Hz\images\diagonal\IR20211111_3095.png,S3,3
651,data\3\60Hz\images\diagonal\IR20211111_3096.png,S3,3
652,data\3\60Hz\images\diagonal\IR20211111_3097.png,S3,3
653,data\3\60Hz\images\diagonal\IR20211111_3098.png,S3,3
654,data\3\60Hz\images\diagonal\IR20211111_3099.png,S3,3
655,data\3\60Hz\images\diagonal\IR20211111_3100.png,S3,3
656,data\3\60Hz\images\diagonal\IR20211111_3101.png,S3,3
657,data\3\60Hz\images\diagonal\IR20211111_3102.png,S3,3
658,data\3\60Hz\images\diagonal\IR20211111_3103.png,S3,3
659,data\3\60Hz\images\diagonal\IR20211111_3104.png,S3,3
660,data\3\60Hz\images\diagonal\IR20211111_3105.png,S3,3
661,data\3\60Hz\images\diagonal\IR20211111_3106.png,S3,3
662,data\3\60Hz\images\diagonal\IR20211111_3107.png,S3,3
663,data\3\60Hz\images\diagonal\IR20211111_3108.png,S3,3
664,data\3\60Hz\images\diagonal\IR20211111_3109.png,S3,3
665,data\3\60Hz\images\diagonal\IR20211111_3110.png,S3,3
666,data\3\60Hz\images\diagonal\IR20211111_3111.png,S3,3
667,data\3\60Hz\images\diagonal\IR20211111_3112.png,S3,3
668,data\3\60Hz\images\diagonal\IR20211111_3113.png,S3,3
669,data\3\60Hz\images\diagonal\IR20211111_3114.png,S3,3
670,data\3\60Hz\images\diagonal\IR20211111_3115.png,S3,3
671,data\3\60Hz\images\diagonal\IR20211111_3116.png,S3,3
672,data\3\60Hz\images\diagonal\IR20211111_3117.png,S3,3
673,data\3\60Hz\images\diagonal\IR20211111_3118.png,S3,3
674,data\3\60Hz\images\diagonal\IR20211111_3119.png,S3,3
675,data\3\60Hz\images\diagonal\IR20211111_3120.png,S3,3
676,data\3\60Hz\images\diagonal\IR20211111_3121.png,S3,3
677,data\3\60Hz\images\diagonal\IR20211111_3122.png,S3,3
678,data\3\60Hz\images\diagonal\IR20211111_3123.png,S3,3
679,data\3\60Hz\images\diagonal\IR20211111_3124.png,S3,3
680,data\3\60Hz\images\diagonal\IR20211111_3125.png,S3,3
681,data\3\60Hz\images\diagonal\IR20211111_3126.png,S3,3
682,data\3\60Hz\images\diagonal\IR20211111_3127.png,S3,3
683,data\3\60Hz\images\diagonal\IR20211111_3128.png,S3,3
684,data\3\60Hz\images\diagonal\IR20211111_3129.png,S3,3
685,data\3\60Hz\images\diagonal\IR20211111_3130.png,S3,3
686,data\3\60Hz\images\diagonal\IR20211111_3131.png,S3,3
687,data\3\60Hz\images\diagonal\IR20211111_3132.png,S3,3
688,data\3\60Hz\images\diagonal\IR20211111_3133.png,S3,3
689,data\3\60Hz\images\diagonal\IR20211111_3134.png,S3,3
690,data\3\60Hz\images\diagonal\IR20211111_3135.png,S3,3
691,data\3\60Hz\images\diagonal\IR20211111_3136.png,S3,3
692,data\3\60Hz\images\diagonal\IR20211111_3137.png,S3,3
693,data\3\60Hz\images\diagonal\IR20211111_3138.png,S3,3
694,data\3\60Hz\images\diagonal\IR20211111_3139.png,S3,3
695,data\3\60Hz\images\diagonal\IR20211111_3140.png,S3,3
696,data\3\60Hz\images\diagonal\IR20211111_3141.png,S3,3
697,data\3\60Hz\images\diagonal\IR20211111_3142.png,S3,3
698,data\3\60Hz\images\diagonal\IR20211111_3143.png,S3,3
699,data\3\60Hz\images\diagonal\IR20211111_3144.png,S3,3
700,data\3\60Hz\images\diagonal\IR20211111_3145.png,S3,3
701,data\3\60Hz\images\diagonal\IR20211111_3146.png,S3,3
702,data\3\60Hz\images\diagonal\IR20211111_3147.png,S3,3
703,data\3\60Hz\images\diagonal\IR20211111_3148.png,S3,3
704,data\3\60Hz\images\diagonal\IR20211111_3149.png,S3,3
705,data\3\60Hz\images\diagonal\IR20211111_3150.png,S3,3
706,data\3\60Hz\images\diagonal\IR20211111_3151.png,S3,3
707,data\3\60Hz\images\diagonal\IR20211111_3152.png,S3,3
708,data\3\60Hz\images\diagonal\IR20211111_3153.png,S3,3
709,data\3\60Hz\images\diagonal\IR20211111_3154.png,S3,3
710,data\3\60Hz\images\diagonal\IR20211111_3155.png,S3,3
711,data\3\60Hz\images\diagonal\IR20211111_3156.png,S3,3
712,data\3\60Hz\images\diagonal\IR20211111_3157.png,S3,3
713,data\3\60Hz\images\diagonal\IR20211111_3158.png,S3,3
714,data\3\60Hz\images\diagonal\IR20211111_3159.png,S3,3
715,data\3\60Hz\images\diagonal\IR20211111_3160.png,S3,3
716,data\3\60Hz\images\diagonal\IR20211111_3161.png,S3,3
717,data\3\60Hz\images\diagonal\IR20211111_3162.png,S3,3
718,data\3\60Hz\images\diagonal\IR20211111_3163.png,S3,3
719,data\3\60Hz\images\diagonal\IR20211111_3164.png,S3,3
720,data\3\60Hz\images\diagonal\IR20211111_3165.png,S3,3
721,data\3\60Hz\images\diagonal\IR20211111_3166.png,S3,3
722,data\3\60Hz\images\diagonal\IR20211111_3167.png,S3,3
723,data\3\60Hz\images\diagonal\IR20211111_3168.png,S3,3
724,data\3\60Hz\images\diagonal\IR20211111_3169.png,S3,3
725,data\3\60Hz\images\diagonal\IR20211111_3170.png,S3,3
726,data\3\60Hz\images\diagonal\IR20211111_3171.png,S3,3
727,data\3\60Hz\images\diagonal\IR20211111_3172.png,S3,3
728,data\3\60Hz\images\diagonal\IR20211111_3173.png,S3,3
729,data\3\60Hz\images\diagonal\IR20211111_3174.png,S3,3
730,data\3\60Hz\images\diagonal\IR20211111_3175.png,S3,3
731,data\3\60Hz\images\diagonal\IR20211111_3176.png,S3,3
732,data\3\60Hz\images\diagonal\IR20211111_3177.png,S3,3
733,data\3\60Hz\images\diagonal\IR20211111_3178.png,S3,3
734,data\3\60Hz\images\diagonal\IR20211111_3179.png,S3,3
735,data\3\60Hz\images\diagonal\IR20211111_3180.png,S3,3
736,data\3\60Hz\images\diagonal\IR20211111_3181.png,S3,3
737,data\3\60Hz\images\diagonal\IR20211111_3182.png,S3,3
738,data\3\60Hz\images\diagonal\IR20211111_3183.png,S3,3
739,data\3\60Hz\images\diagonal\IR20211111_3184.png,S3,3
740,data\3\60Hz\images\diagonal\IR20211111_3185.png,S3,3
741,data\3\60Hz\images\diagonal\IR20211111_3186.png,S3,3
742,data\3\60Hz\images\diagonal\IR20211111_3187.png,S3,3
743,data\3\60Hz\images\diagonal\IR20211111_3188.png,S3,3
744,data\3\60Hz\images\diagonal\IR20211111_3189.png,S3,3
745,data\3\60Hz\images\diagonal\IR20211111_3190.png,S3,3
746,data\3\60Hz\images\diagonal\IR20211111_3191.png,S3,3
747,data\3\60Hz\images\diagonal\IR20211111_3192.png,S3,3
748,data\3\60Hz\images\diagonal\IR20211111_3193.png,S3,3
749,data\3\60Hz\images\diagonal\IR20211111_3194.png,S3,3
750,data\3\60Hz\images\diagonal\IR20211111_3195.png,S3,3
751,data\3\60Hz\images\diagonal\IR20211111_3196.png,S3,3
752,data\3\60Hz\images\lateral\IR20211111_3002.png,S3,3
753,data\3\60Hz\images\lateral\IR20211111_3003.png,S3,3
754,data\3\60Hz\images\lateral\IR20211111_3004.png,S3,3
755,data\3\60Hz\images\lateral\IR20211111_3005.png,S3,3
756,data\3\60Hz\images\lateral\IR20211111_3006.png,S3,3
757,data\3\60Hz\images\lateral\IR20211111_3007.png,S3,3
758,data\3\60Hz\images\lateral\IR20211111_3008.png,S3,3
759,data\3\60Hz\images\lateral\IR20211111_3009.png,S3,3
760,data\3\60Hz\images\lateral\IR20211111_3010.png,S3,3
761,data\3\60Hz\images\lateral\IR20211111_3011.png,S3,3
762,data\3\60Hz\images\lateral\IR20211111_3012.png,S3,3
763,data\3\60Hz\images\lateral\IR20211111_3013.png,S3,3
764,data\3\60Hz\images\lateral\IR20211111_3014.png,S3,3
765,data\3\60Hz\images\lateral\IR20211111_3015.png,S3,3
766,data\3\60Hz\images\lateral\IR20211111_3016.png,S3,3
767,data\3\60Hz\images\lateral\IR20211111_3017.png,S3,3
768,data\3\60Hz\images\lateral\IR20211111_3018.png,S3,3
769,data\3\60Hz\images\lateral\IR20211111_3019.png,S3,3
770,data\3\60Hz\images\lateral\IR20211111_3020.png,S3,3
771,data\3\60Hz\images\lateral\IR20211111_3021.png,S3,3
772,data\3\60Hz\images\lateral\IR20211111_3022.png,S3,3
773,data\3\60Hz\images\lateral\IR20211111_3023.png,S3,3
774,data\3\60Hz\images\lateral\IR20211111_3024.png,S3,3
775,data\3\60Hz\images\lateral\IR20211111_3025.png,S3,3
776,data\3\60Hz\images\lateral\IR20211111_3026.png,S3,3
777,data\3\60Hz\images\lateral\IR20211111_3027.png,S3,3
778,data\3\60Hz\images\lateral\IR20211111_3028.png,S3,3
779,data\3\60Hz\images\lateral\IR20211111_3029.png,S3,3
780,data\3\60Hz\images\lateral\IR20211111_3030.png,S3,3
781,data\3\60Hz\images\lateral\IR20211111_3031.png,S3,3
782,data\3\60Hz\images\lateral\IR20211111_3032.png,S3,3
783,data\3\60Hz\images\lateral\IR20211111_3033.png,S3,3
784,data\3\60Hz\images\lateral\IR20211111_3034.png,S3,3
785,data\3\60Hz\images\lateral\IR20211111_3035.png,S3,3
786,data\3\60Hz\images\lateral\IR20211111_3036.png,S3,3
787,data\3\60Hz\images\lateral\IR20211111_3037.png,S3,3
788,data\3\60Hz\images\lateral\IR20211111_3038.png,S3,3
789,data\3\60Hz\images\lateral\IR20211111_3039.png,S3,3
790,data\3\60Hz\images\lateral\IR20211111_3040.png,S3,3
791,data\3\60Hz\images\lateral\IR20211111_3041.png,S3,3
792,data\3\60Hz\images\lateral\IR20211111_3042.png,S3,3
793,data\3\60Hz\images\lateral\IR20211111_3043.png,S3,3
794,data\3\60Hz\images\lateral\IR20211111_3044.png,S3,3
795,data\3\60Hz\images\lateral\IR20211111_3045.png,S3,3
796,data\3\60Hz\images\lateral\IR20211111_3046.png,S3,3
797,data\3\60Hz\images\lateral\IR20211111_3047.png,S3,3
798,data\3\60Hz\images\lateral\IR20211111_3048.png,S3,3
799,data\3\60Hz\images\lateral\IR20211111_3049.png,S3,3
800,data\3\60Hz\images\lateral\IR20211111_3050.png,S3,3
801,data\3\60Hz\images\lateral\IR20211111_3051.png,S3,3
802,data\3\60Hz\images\lateral\IR20211111_3052.png,S3,3
803,data\3\60Hz\images\lateral\IR20211111_3053.png,S3,3
804,data\3\60Hz\images\lateral\IR20211111_3054.png,S3,3
805,data\3\60Hz\images\lateral\IR20211111_3055.png,S3,3
806,data\3\60Hz\images\lateral\IR20211111_3056.png,S3,3
807,data\3\60Hz\images\lateral\IR20211111_3057.png,S3,3
808,data\3\60Hz\images\lateral\IR20211111_3058.png,S3,3
809,data\3\60Hz\images\lateral\IR20211111_3059.png,S3,3
810,data\3\60Hz\images\lateral\IR20211111_3060.png,S3,3
811,data\3\60Hz\images\lateral\IR20211111_3061.png,S3,3
812,data\3\60Hz\images\lateral\IR20211111_3062.png,S3,3
813,data\3\60Hz\images\lateral\IR20211111_3063.png,S3,3
814,data\3\60Hz\images\lateral\IR20211111_3064.png,S3,3
815,data\3\60Hz\images\lateral\IR20211111_3065.png,S3,3
816,data\3\60Hz\images\lateral\IR20211111_3066.png,S3,3
817,data\3\60Hz\images\lateral\IR20211111_3067.png,S3,3
818,data\3\60Hz\images\lateral\IR20211111_3068.png,S3,3
819,data\3\60Hz\images\lateral\IR20211111_3069.png,S3,3
820,data\3\60Hz\images\lateral\IR20211111_3070.png,S3,3
821,data\3\60Hz\images\lateral\IR20211111_3071.png,S3,3
822,data\3\60Hz\images\lateral\IR20211111_3072.png,S3,3
823,data\3\60Hz\images\lateral\IR20211111_3073.png,S3,3
824,data\3\60Hz\images\lateral\IR20211111_3074.png,S3,3
825,data\3\60Hz\images\lateral\IR20211111_3075.png,S3,3
826,data\3\60Hz\images\lateral\IR20211111_3076.png,S3,3
827,data\3\60Hz\images\lateral\IR20211111_3077.png,S3,3
828,data\3\60Hz\images\lateral\IR20211111_3078.png,S3,3
829,data\3\60Hz\images\lateral\IR20211111_3079.png,S3,3
830,data\3\60Hz\images\lateral\IR20211111_3080.png,S3,3
831,data\3\60Hz\images\lateral\IR20211111_3081.png,S3,3
832,data\3\60Hz\images\lateral\IR20211111_3082.png,S3,3
833,data\3\60Hz\images\lateral\IR20211111_3083.png,S3,3
834,data\3\60Hz\images\lateral\IR20211111_3084.png,S3,3
835,data\3\60Hz\images\lateral\IR20211111_3085.png,S3,3
836,data\3\60Hz\images\lateral\IR20211111_3086.png,S3,3
837,data\3\60Hz\images\lateral\IR20211111_3087.png,S3,3
838,data\3\60Hz\images\lateral\IR20211111_3088.png,S3,3
839,data\3\60Hz\images\lateral\IR20211111_3089.png,S3,3
840,data\3\60Hz\images\lateral\IR20211111_3090.png,S3,3
841,data\3\60Hz\images\lateral\IR20211111_3091.png,S3,3
842,data\3\60Hz\images\lateral\IR20211111_3092.png,S3,3
843,data\3\60Hz\images\lateral\IR20211111_3093.png,S3,3
844,data\3\60Hz\images\lateral\IR20211111_3094.png,S3,3
845,data\3\60Hz\images\lateral\IR20211111_3095.png,S3,3
846,data\3\60Hz\images\lateral\IR20211111_3096.png,S3,3
847,data\3\60Hz\images\lateral\IR20211111_3097.png,S3,3
848,data\3\60Hz\images\lateral\IR20211111_3098.png,S3,3
849,data\3\60Hz\images\lateral\IR20211111_3099.png,S3,3
850,data\3\60Hz\images\lateral\IR20211111_3100.png,S3,3
851,data\3\60Hz\images\lateral\IR20211111_3101.png,S3,3
852,data\3\60Hz\images\lateral\IR20211111_3102.png,S3,3
853,data\3\60Hz\images\lateral\IR20211111_3103.png,S3,3
854,data\3\60Hz\images\lateral\IR20211111_3104.png,S3,3
855,data\3\60Hz\images\lateral\IR20211111_3105.png,S3,3
856,data\3\60Hz\images\lateral\IR20211111_3106.png,S3,3
857,data\3\60Hz\images\lateral\IR20211111_3107.png,S3,3
858,data\3\60Hz\images\lateral\IR20211111_3108.png,S3,3
859,data\3\60Hz\images\lateral\IR20211111_3109.png,S3,3
860,data\3\60Hz\images\lateral\IR20211111_3110.png,S3,3
861,data\3\60Hz\images\lateral\IR20211111_3111.png,S3,3
862,data\3\60Hz\images\lateral\IR20211111_3112.png,S3,3
863,data\3\60Hz\images\lateral\IR20211111_3113.png,S3,3
864,data\3\60Hz\images\lateral\IR20211111_3114.png,S3,3
865,data\3\60Hz\images\lateral\IR20211111_3115.png,S3,3
866,data\3\60Hz\images\lateral\IR20211111_3116.png,S3,3
867,data\3\60Hz\images\lateral\IR20211111_3117.png,S3,3
868,data\3\60Hz\images\lateral\IR20211111_3118.png,S3,3
869,data\3\60Hz\images\lateral\IR20211111_3119.png,S3,3
870,data\3\60Hz\images\lateral\IR20211111_3120.png,S3,3
871,data\3\60Hz\images\lateral\IR20211111_3121.png,S3,3
872,data\3\60Hz\images\lateral\IR20211111_3122.png,S3,3
873,data\3\60Hz\images\lateral\IR20211111_3123.png,S3,3
874,data\3\60Hz\images\lateral\IR20211111_3124.png,S3,3
875,data\3\60Hz\images\lateral\IR20211111_3125.png,S3,3
876,data\3\60Hz\images\lateral\IR20211111_3126.png,S3,3
877,data\3\60Hz\images\lateral\IR20211111_3127.png,S3,3
878,data\3\60Hz\images\lateral\IR20211111_3128.png,S3,3
879,data\3\60Hz\images\lateral\IR20211111_3129.png,S3,3
880,data\3\60Hz\images\lateral\IR20211111_3130.png,S3,3
881,data\3\60Hz\images\lateral\IR20211111_3131.png,S3,3
882,data\3\60Hz\images\lateral\IR20211111_3132.png,S3,3
883,data\3\60Hz\images\lateral\IR20211111_3133.png,S3,3
884,data\3\60Hz\images\lateral\IR20211111_3134.png,S3,3
885,data\3\60Hz\images\lateral\IR20211111_3135.png,S3,3
886,data\3\60Hz\images\lateral\IR20211111_3136.png,S3,3
887,data\3\60Hz\images\lateral\IR20211111_3137.png,S3,3
888,data\3\60Hz\images\lateral\IR20211111_3138.png,S3,3
889,data\3\60Hz\images\lateral\IR20211111_3139.png,S3,3
890,data\3\60Hz\images\lateral\IR20211111_3140.png,S3,3
891,data\3\60Hz\images\lateral\IR20211111_3141.png,S3,3
892,data\3\60Hz\images\lateral\IR20211111_3142.png,S3,3
893,data\3\60Hz\images\lateral\IR20211111_3143.png,S3,3
894,data\3\60Hz\images\lateral\IR20211111_3144.png,S3,3
895,data\3\60Hz\images\lateral\IR20211111_3145.png,S3,3
896,data\3\60Hz\images\lateral\IR20211111_3146.png,S3,3
897,data\3\60Hz\images\lateral\IR20211111_3147.png,S3,3
898,data\3\60Hz\images\lateral\IR20211111_3148.png,S3,3
899,data\3\60Hz\images\lateral\IR20211111_3149.png,S3,3
900,data\3\60Hz\images\lateral\IR20211111_3150.png,S3,3
901,data\3\60Hz\images\lateral\IR20211111_3151.png,S3,3
902,data\3\60Hz\images\lateral\IR20211111_3152.png,S3,3
903,data\3\60Hz\images\lateral\IR20211111_3153.png,S3,3
904,data\3\60Hz\images\lateral\IR20211111_3154.png,S3,3
905,data\3\60Hz\images\lateral\IR20211111_3155.png,S3,3
906,data\3\60Hz\images\lateral\IR20211111_3156.png,S3,3
907,data\3\60Hz\images\lateral\IR20211111_3157.png,S3,3
908,data\3\60Hz\images\lateral\IR20211111_3158.png,S3,3
909,data\3\60Hz\images\lateral\IR20211111_3159.png,S3,3
910,data\3\60Hz\images\lateral\IR20211111_3160.png,S3,3
911,data\3\60Hz\images\lateral\IR20211111_3161.png,S3,3
912,data\3\60Hz\images\lateral\IR20211111_3162.png,S3,3
913,data\3\60Hz\images\lateral\IR20211111_3163.png,S3,3
914,data\3\60Hz\images\lateral\IR20211111_3164.png,S3,3
915,data\3\60Hz\images\lateral\IR20211111_3165.png,S3,3
916,data\3\60Hz\images\lateral\IR20211111_3166.png,S3,3
917,data\3\60Hz\images\lateral\IR20211111_3167.png,S3,3
918,data\3\60Hz\images\lateral\IR20211111_3168.png,S3,3
919,data\3\60Hz\images\lateral\IR20211111_3169.png,S3,3
920,data\3\60Hz\images\lateral\IR20211111_3170.png,S3,3
921,data\3\60Hz\images\lateral\IR20211111_3171.png,S3,3
922,data\3\60Hz\images\lateral\IR20211111_3172.png,S3,3
923,data\3\60Hz\images\lateral\IR20211111_3173.png,S3,3
924,data\3\60Hz\images\lateral\IR20211111_3174.png,S3,3
925,data\3\60Hz\images\lateral\IR20211111_3175.png,S3,3
926,data\3\60Hz\images\lateral\IR20211111_3176.png,S3,3
927,data\3\60Hz\images\lateral\IR20211111_3177.png,S3,3
928,data\3\60Hz\images\lateral\IR20211111_3178.png,S3,3
929,data\3\60Hz\images\lateral\IR20211111_3179.png,S3,3
930,data\3\60Hz\images\lateral\IR20211111_3180.png,S3,3
931,data\3\60Hz\images\lateral\IR20211111_3181.png,S3,3
932,data\3\60Hz\images\lateral\IR20211111_3182.png,S3,3
933,data\3\60Hz\images\lateral\IR20211111_3183.png,S3,3
934,data\3\60Hz\images\lateral\IR20211111_3184.png,S3,3
935,data\3\60Hz\images\lateral\IR20211111_3185.png,S3,3
936,data\3\60Hz\images\lateral\IR20211111_3186.png,S3,3
937,data\3\60Hz\images\lateral\IR20211111_3187.png,S3,3
938,data\3\60Hz\images\lateral\IR20211111_3188.png,S3,3
939,data\3\60Hz\images\lateral\IR20211111_3189.png,S3,3
940,data\3\60Hz\images\lateral\IR20211111_3190.png,S3,3
941,data\3\60Hz\images\lateral\IR20211111_3191.png,S3,3
942,data\3\60Hz\images\lateral\IR20211111_3192.png,S3,3
943,data\3\60Hz\images\lateral\IR20211111_3193.png,S3,3
944,data\3\60Hz\images\lateral\IR20211111_3194.png,S3,3
945,data\3\60Hz\images\lateral\IR20211111_3195.png,S3,3
946,data\3\60Hz\images\lateral\IR20211111_3196.png,S3,3
